{"cameraMode":{"drawMode":0,"name":"Shaded","section":"Shading Mode"},"sceneLighting":true,"audioPlay":false,"sceneViewState":{"m_AlwaysRefresh":false,"showFog":true,"showSkybox":true,"showFlares":true,"showImageEffects":true,"showParticleSystems":true,"showVisualEffectGraphs":true,"m_FxEnabled":true},"in2DMode":false,"pivot":{"x":-0.6357704401016235,"y":13.505253791809082,"z":-12.812912940979004},"rotation":{"x":-0.703484833240509,"y":-0.00490468880161643,"z":0.004857341293245554,"w":-0.7106808423995972},"size":0.2660253643989563,"orthographic":false}