{"cameraMode":{"drawMode":0,"name":"Shaded","section":"Shading Mode"},"sceneLighting":true,"audioPlay":false,"sceneViewState":{"m_AlwaysRefresh":false,"showFog":true,"showSkybox":true,"showFlares":true,"showImageEffects":true,"showParticleSystems":true,"showVisualEffectGraphs":true,"m_FxEnabled":true},"in2DMode":false,"pivot":{"x":-2.184171199798584,"y":1.2454338073730469,"z":-11.888495445251465},"rotation":{"x":0.04099249467253685,"y":0.5936936140060425,"z":-0.03030455857515335,"w":0.8030755519866943},"size":0.8660253882408142,"orthographic":false}