{"cameraMode":{"drawMode":0,"name":"Shaded","section":"Shading Mode"},"sceneLighting":true,"audioPlay":false,"sceneViewState":{"m_AlwaysRefresh":false,"showFog":true,"showSkybox":true,"showFlares":true,"showImageEffects":true,"showParticleSystems":true,"showVisualEffectGraphs":true,"m_FxEnabled":true},"in2DMode":false,"pivot":{"x":3.0672311782836916,"y":-5.9558258056640629,"z":-14.257950782775879},"rotation":{"x":0.18533340096473695,"y":-0.7053740620613098,"z":0.19978205859661103,"w":0.6543598771095276},"size":10.719330787658692,"orthographic":true}