{"cameraMode":{"drawMode":0,"name":"Shaded","section":"Shading Mode"},"sceneLighting":true,"audioPlay":false,"sceneViewState":{"m_AlwaysRefresh":false,"showFog":true,"showSkybox":true,"showFlares":true,"showImageEffects":true,"showParticleSystems":true,"showVisualEffectGraphs":true,"m_FxEnabled":true},"in2DMode":false,"pivot":{"x":292.9706115722656,"y":0.009974425658583641,"z":-6.104509353637695},"rotation":{"x":-0.1541999876499176,"y":-0.004092882853001356,"z":0.000620672304648906,"w":-0.988093376159668},"size":0.5660253763198853,"orthographic":false}