{"cameraMode":{"drawMode":0,"name":"Shaded","section":"Shading Mode"},"sceneLighting":true,"audioPlay":false,"sceneViewState":{"m_AlwaysRefresh":false,"showFog":true,"showSkybox":true,"showFlares":true,"showImageEffects":true,"showParticleSystems":true,"showVisualEffectGraphs":true,"m_FxEnabled":true},"in2DMode":false,"pivot":{"x":20.97025489807129,"y":3.899601459503174,"z":-11.088848114013672},"rotation":{"x":-0.14680178463459016,"y":-0.19561125338077546,"z":0.029582522809505464,"w":-0.9692387580871582},"size":0.4233367443084717,"orthographic":false}