{"cameraMode":{"drawMode":0,"name":"Shaded","section":"Shading Mode"},"sceneLighting":true,"audioPlay":false,"sceneViewState":{"m_AlwaysRefresh":false,"showFog":true,"showSkybox":true,"showFlares":true,"showImageEffects":true,"showParticleSystems":true,"showVisualEffectGraphs":true,"m_FxEnabled":true},"in2DMode":false,"pivot":{"x":1.2074161767959595,"y":1.410607099533081,"z":-0.019974350929260255},"rotation":{"x":0.6515645384788513,"y":0.3351968824863434,"z":-0.39322906732559206,"w":0.5554075837135315},"size":0.9437655806541443,"orthographic":false}