{"cameraMode":{"drawMode":0,"name":"Shaded","section":"Shading Mode"},"sceneLighting":true,"audioPlay":false,"sceneViewState":{"m_AlwaysRefresh":false,"showFog":true,"showSkybox":true,"showFlares":true,"showImageEffects":true,"showParticleSystems":true,"showVisualEffectGraphs":true,"m_FxEnabled":true},"in2DMode":false,"pivot":{"x":0.06994485855102539,"y":12.788240432739258,"z":-12.879585266113282},"rotation":{"x":-0.33564749360084536,"y":-0.17050059139728547,"z":0.061911191791296008,"w":-0.9243578910827637},"size":1.7927850484848023,"orthographic":false}