{"cameraMode":{"drawMode":0,"name":"Shaded","section":"Shading Mode"},"sceneLighting":false,"audioPlay":false,"sceneViewState":{"m_AlwaysRefresh":false,"showFog":true,"showSkybox":true,"showFlares":true,"showImageEffects":true,"showParticleSystems":true,"showVisualEffectGraphs":true,"m_FxEnabled":true},"in2DMode":false,"pivot":{"x":4.513746738433838,"y":-11.06825065612793,"z":198.78163146972657},"rotation":{"x":0.07311412692070008,"y":0.13832418620586396,"z":-0.009946072474122048,"w":0.9882586598396301},"size":107.60525512695313,"orthographic":false}