{"cameraMode":{"drawMode":2,"name":"Shaded Wireframe","section":"Shading Mode"},"sceneLighting":true,"audioPlay":false,"sceneViewState":{"m_AlwaysRefresh":false,"showFog":true,"showSkybox":true,"showFlares":true,"showImageEffects":true,"showParticleSystems":true,"showVisualEffectGraphs":true,"m_FxEnabled":true},"in2DMode":false,"pivot":{"x":32.473594665527347,"y":35.337928771972659,"z":-6.390285968780518},"rotation":{"x":0.028176458552479745,"y":-0.34284111857414248,"z":0.010287017561495304,"w":0.9389199614524841},"size":31.600465774536134,"orthographic":false}