{"cameraMode":{"drawMode":2,"name":"Shaded Wireframe","section":"Shading Mode"},"sceneLighting":true,"audioPlay":false,"sceneViewState":{"m_AlwaysRefresh":false,"showFog":true,"showSkybox":true,"showFlares":true,"showImageEffects":true,"showParticleSystems":true,"showVisualEffectGraphs":true,"m_FxEnabled":true},"in2DMode":false,"pivot":{"x":28.56165885925293,"y":10.261699676513672,"z":-3.9584059715270998},"rotation":{"x":0.0298145804554224,"y":-0.08243119716644287,"z":0.0035358755849301817,"w":0.9965571761131287},"size":10.449999809265137,"orthographic":false}