{"cameraMode":{"drawMode":0,"name":"Shaded","section":"Shading Mode"},"sceneLighting":true,"audioPlay":false,"sceneViewState":{"m_AlwaysRefresh":false,"showFog":true,"showSkybox":true,"showFlares":true,"showImageEffects":true,"showParticleSystems":true,"showVisualEffectGraphs":true,"m_FxEnabled":true},"in2DMode":false,"pivot":{"x":107.32099914550781,"y":-53.82750701904297,"z":178.97836303710938},"rotation":{"x":0.1803216189146042,"y":0.07865694165229798,"z":-0.014816715382039547,"w":0.9810272455215454},"size":112.44749450683594,"orthographic":false}